date,total_quantity,transaction_count,unique_customers,unique_products,avg_unit_price,total_sales,year,month,day,day_of_week,day_name,previous_day_sales,actual_sales,simple_linear_prediction,multiple_linear_prediction,polynomial_prediction
2011-07-21,19592,99,74,912,4.326800518134715,30836.25,2011,7,21,3,Thursday,27249.5,30836.25,28400.003645609366,35306.58619701184,35469.634912674264
2011-07-22,10235,53,42,883,3.2341537267080747,20010.34,2011,7,22,4,Friday,30836.25,20010.34,29713.61388548212,23649.658308779526,21027.917098422506
2011-07-24,17262,63,55,654,2.836484794275492,26457.2,2011,7,24,6,Sunday,20010.34,26457.2,25748.73586723695,20890.356257339477,26005.4296495842
2011-07-25,16042,65,53,1021,4.076425619834711,26676.89,2011,7,25,0,Monday,26457.2,26676.89,28109.831932205536,31854.41965737162,31912.171491245972
2011-07-26,13513,71,57,778,3.308801429706116,21262.601,2011,7,26,1,Tuesday,26676.89,21262.601,28190.29113164727,26078.422868197576,25773.105027070218
2011-07-27,13948,51,40,749,3.2157342083675142,25559.26,2011,7,27,2,Wednesday,21262.601,25559.26,26207.36355876641,22617.20394179399,24747.922085852413
2011-07-28,30032,104,90,869,3.2618802862719587,55680.46,2011,7,28,3,Thursday,25559.26,55680.46,27780.970657014528,38249.32168645038,42608.49811858919
2011-07-29,11425,68,60,688,3.2142844444444445,18020.35,2011,7,29,4,Friday,55680.46,18020.35,38812.549874204255,23121.568608198086,23042.65481169764
2011-07-31,19408,43,37,789,2.489546539379475,33205.43,2011,7,31,6,Sunday,18020.35,33205.43,25019.92252890994,22834.860710708745,31885.695592083204
2011-08-01,11637,45,38,764,3.678483572030328,21332.56,2011,8,1,0,Monday,33205.43,21332.56,30581.301655218438,22433.22909414489,24663.87364563808
2011-08-02,15621,61,53,862,11.983682284040995,14942.22,2011,8,2,1,Tuesday,21332.56,14942.22,26232.985321858698,23915.06050263514,26513.40771634987
2011-08-03,15727,79,70,867,3.1975665152498376,27030.08,2011,8,3,2,Wednesday,14942.22,27030.08,23892.589124669466,27269.118150340142,27565.197795398097
2011-08-04,38825,89,80,900,3.5445265462506845,61023.23,2011,8,4,3,Thursday,27030.08,61023.23,28319.64333088632,41512.85499323868,48054.30482417314
2011-08-05,12708,60,51,837,3.221767180925666,21176.85,2011,8,5,4,Friday,61023.23,21176.85,40769.28435006262,27104.21711780543,26412.724003964348
2011-08-07,5070,33,28,409,2.3997560975609757,7432.02,2011,8,7,6,Sunday,21176.85,7432.02,26175.958138349786,6723.721831677411,8739.968341586587
2011-08-08,13058,55,49,829,5.690499325236167,19972.51,2011,8,8,0,Monday,7432.02,19972.51,21142.055738319046,22033.411209976435,22932.838170852287
2011-08-09,16057,59,51,665,3.831559139784946,26616.0,2011,8,9,1,Tuesday,19972.51,26616.0,25734.881019429216,22192.867708484544,25475.132775964434
2011-08-10,14343,61,51,833,4.662319474835886,27461.93,2011,8,10,2,Wednesday,26616.0,27461.93,28167.990796383914,25314.50743956711,26130.422892889725
2011-08-11,39120,83,71,1055,7.184660587639312,72071.89,2011,8,11,3,Thursday,27461.93,72071.89,28477.803944837404,44002.51697733218,55252.43583760833
2011-08-12,11953,53,42,712,13.624488330341114,32173.6,2011,8,12,4,Friday,72071.89,32173.6,44815.74226122802,21839.16536397009,22540.386685979523
2011-08-14,3127,37,31,390,3.879472727272727,5133.4800000000005,2011,8,14,6,Sunday,32173.6,5133.4800000000005,30203.404546747566,6414.628573323898,6476.662789043342
2011-08-15,10149,52,48,617,3.0012104689203927,17197.52,2011,8,15,0,Monday,5133.4800000000005,17197.52,20300.239140909936,16006.190628578439,17401.33808137195
2011-08-16,11159,58,48,671,2.9571108949416343,19098.58,2011,8,16,1,Tuesday,17197.52,19098.58,24718.569517500033,20060.141591163087,20685.428609225542
2011-08-17,23501,63,47,945,5.05087061668682,49177.02,2011,8,17,2,Wednesday,19098.58,49177.02,25414.81315940775,33011.321850013075,41078.22614392148
2011-08-18,33805,93,83,874,3.044207077326343,53177.84,2011,8,18,3,Thursday,49177.02,53177.84,36430.73196707439,41107.00026281018,35314.735064052955
2011-08-19,10601,61,59,562,2.7773838630806846,17235.02,2011,8,19,4,Friday,53177.84,17235.02,37895.99107905256,18267.60483050654,19125.073641991083
2011-08-21,8076,42,37,658,3.1203927203065134,14392.62,2011,8,21,6,Sunday,17235.02,14392.62,24732.303506207143,13640.990787167502,14602.917290134998
2011-08-22,15373,68,60,732,2.837641955835962,27972.49,2011,8,22,0,Monday,14392.62,27972.49,23691.303786178058,24149.348348404867,25591.67496404594
2011-08-23,15103,73,62,823,3.0232462173315,25741.21,2011,8,23,1,Tuesday,27972.49,25741.21,28664.791285485466,27705.480817497173,27874.15314261671
2011-08-24,29126,100,79,964,9.926762007555316,36829.26,2011,8,24,2,Wednesday,25741.21,36829.26,27847.607970221427,39381.78778493838,45727.423632980266
2011-08-25,13013,92,80,775,4.225283307810107,22404.85,2011,8,25,3,Thursday,36829.26,22404.85,31908.492063124788,26845.95976245576,25362.309695312622
2011-08-26,17106,50,43,626,2.851001088139282,25534.08,2011,8,26,4,Friday,22404.85,25534.08,26625.700488545295,20218.189124444452,25039.674686731785
2011-08-28,6697,39,36,736,2.3623986194995688,10666.31,2011,8,28,6,Sunday,25534.08,10666.31,27771.74874139733,14950.790804641965,12830.909040719143
2011-08-30,10114,48,28,1310,4.849003095975233,31612.36,2011,8,30,1,Tuesday,10666.31,31612.36,22326.58113393292,32979.02589447642,22456.583215807426
2011-08-31,7606,85,72,823,4.810709779179811,16105.05,2011,8,31,2,Wednesday,31612.36,16105.05,29997.85617816147,24436.835895730786,20332.74354218536
2011-09-01,27821,80,72,776,2.5244810307802434,37285.07,2011,9,1,3,Thursday,16105.05,37285.07,24318.463633690513,31550.90669004337,40891.2016769032
2011-09-02,18308,88,67,1130,4.603134073441503,41649.33,2011,9,2,4,Friday,37285.07,41649.33,32075.427780260467,38154.4332511627,36467.83018952143
2011-09-04,10898,53,46,825,2.7597949886104782,16939.64,2011,9,4,6,Sunday,41649.33,16939.64,33673.793048390966,22419.547137349033,19013.820345584478
2011-09-05,22573,74,60,894,2.9215130324221232,36585.25,2011,9,5,0,Monday,16939.64,36585.25,24624.123623958974,33310.62656467127,38129.792932712844
2011-09-06,14939,70,55,710,3.038339222614841,28023.77,2011,9,6,1,Tuesday,36585.25,28023.77,31819.125914206867,26711.668721496066,27636.888318071608
2011-09-07,16209,58,45,1092,4.779,34125.65,2011,9,7,2,Wednesday,28023.77,34125.65,28683.572057242818,32292.32977579098,32880.90298731527
2011-09-08,17134,83,64,940,3.111994318181818,26568.08,2011,9,8,3,Thursday,34125.65,26568.08,30918.322750899963,33352.165804248725,32472.037040006482
2011-09-09,17219,86,68,925,3.625890840652447,29258.4,2011,9,9,4,Friday,26568.08,29258.4,28150.440590014718,31782.146942509276,31503.42686901083
2011-09-11,20882,78,68,1019,2.9071696202531645,35160.72,2011,9,11,6,Sunday,29258.4,35160.72,29135.742576641744,33052.655723822245,35497.9944319233
2011-09-12,16387,90,80,915,3.175423122765197,28827.27,2011,9,12,0,Monday,35160.72,28827.27,31297.40647599513,32596.458475602125,32528.323661335664
2011-09-13,36509,75,64,1097,3.688393889347647,54782.7,2011,9,13,1,Tuesday,28827.27,54782.7,28977.845655273835,44861.56964120132,54211.26485150253
2011-09-14,14111,83,68,863,3.100102865540044,23346.46,2011,9,14,2,Wednesday,54782.7,23346.46,38483.75452215904,31774.605702096724,32897.15045258422
2011-09-15,29138,114,92,1021,11.64327239488117,62876.83,2011,9,15,3,Thursday,23346.46,62876.83,26970.555451385357,40743.11109003822,47951.78465924971
2011-09-16,14991,60,50,806,4.990158620689654,25854.11,2011,9,16,4,Friday,62876.83,25854.11,41448.146255862615,27573.932826274704,25940.177613724598
2011-09-18,8909,28,25,830,2.865714285714286,15586.15,2011,9,18,6,Sunday,25854.11,15586.15,27888.9564322223,17202.173453469557,16458.41552877506
2011-09-19,29120,91,79,779,6.707739436619718,46193.2,2011,9,19,0,Monday,15586.15,46193.2,24128.42185395399,33970.92929416495,40405.63246529515
2011-09-20,43652,76,56,899,4.186469893742621,109228.08,2011,9,20,1,Tuesday,46193.2,109228.08,35337.93862883304,47855.2256355132,44096.69627359312
2011-09-21,20695,100,84,1344,4.612275353016688,42913.11,2011,9,21,2,Wednesday,109228.08,42913.11,58423.81409747469,51639.24854490699,69316.63938831104
2011-09-22,32275,134,111,1205,3.0120447870778264,56942.45,2011,9,22,3,Thursday,42913.11,56942.45,34136.63945501155,52507.34303965526,54679.88904255782
2011-09-23,21315,83,71,1285,3.6974646811760215,39399.13,2011,9,23,4,Friday,56942.45,39399.13,39274.740711763894,42976.10352551316,42605.56274118582
2011-09-25,19248,78,74,982,2.8291120867768598,31003.041,2011,9,25,6,Sunday,39399.13,31003.041,32849.68047802457,31210.147434940835,29923.28348246727
2011-09-26,15175,74,66,909,3.910482736156352,28604.541,2011,9,26,0,Monday,31003.041,28604.541,29774.69937109406,29576.740003578994,29876.118173790434
2011-09-27,20836,102,84,1018,3.6298560767590615,35727.56,2011,9,27,1,Tuesday,28604.541,35727.56,28896.273453387275,38416.35337001961,38326.23771801979
2011-09-28,25358,110,93,1314,3.195327955103472,43327.06,2011,9,28,2,Wednesday,35727.56,43327.06,31505.00578689482,47808.888881262974,49447.82665911625
2011-09-29,26139,114,97,1143,2.8688875550220088,43406.23,2011,9,29,3,Thursday,43327.06,43406.23,34288.24437835311,45312.098952085056,45602.570698402655
2011-09-30,22402,88,70,978,3.736615220862161,43982.85,2011,9,30,4,Friday,43406.23,43982.85,34317.23957531156,37365.54719700114,37012.85396458387
2011-10-02,8327,36,32,863,2.6159058487874467,11520.61,2011,10,2,6,Sunday,43982.85,11520.61,34528.42071046607,20299.98728052873,16288.340060251841
2011-10-03,25721,76,53,1091,5.580270390070922,64081.9,2011,10,3,0,Monday,11520.61,64081.9,22639.45970866584,39817.8679081602,49957.95354677682
2011-10-04,23927,96,74,1195,3.68269020749909,48082.73,2011,10,4,1,Tuesday,64081.9,48082.73,41889.49072976335,47574.729799275345,50651.16293367656
2011-10-05,46045,101,82,1120,3.1250041528239203,75111.57,2011,10,5,2,Wednesday,48082.73,75111.57,36029.95952701295,55622.99656781697,55436.91513913089
2011-10-06,31702,186,154,1293,3.164258188824663,55177.01,2011,10,6,3,Thursday,75111.57,55177.01,45928.993749047484,62984.607008504754,64572.382284206295
2011-10-07,30769,99,80,1087,5.6001508169250105,47441.27,2011,10,7,4,Friday,55177.01,47441.27,38628.166497815066,45756.696527990454,44123.228232412315
2011-10-09,7004,41,35,811,2.654008,11670.94,2011,10,9,6,Sunday,47441.27,11670.94,35795.0314097846,19614.710961599565,15080.79837913817
2011-10-10,25690,129,95,1330,4.540414182616881,44148.37,2011,10,10,0,Monday,11670.94,44148.37,22694.516522594902,51441.26213219931,52786.43289941766
2011-10-11,22235,97,78,1237,3.3159820334830545,40582.2,2011,10,11,1,Tuesday,44148.37,40582.2,34589.04070542076,45240.61776353378,46634.67860922356
2011-10-12,15428,100,78,1132,3.4827662517289077,29226.68,2011,10,12,2,Wednesday,40582.2,29226.68,33282.96767855046,39434.474220985096,36105.144703444865
2011-10-13,18542,92,79,1182,3.783151278716948,36853.46,2011,10,13,3,Thursday,29226.68,36853.46,29124.125453394023,38080.3493482863,36744.87259305119
2011-10-14,17787,80,63,995,4.035114717403469,35172.48,2011,10,14,4,Friday,36853.46,35172.48,31917.35506383711,33832.70008356898,32975.83548187917
2011-10-16,8190,39,32,800,3.4461369193154034,21362.42,2011,10,16,6,Sunday,35172.48,21362.42,31301.71345485368,18635.80455944949,15160.762099536616
2011-10-17,30205,105,87,1349,4.377042881646656,46927.55,2011,10,17,0,Monday,21362.42,46927.55,26243.921239266543,50150.92301869305,57709.565689101335
2011-10-18,28771,96,79,1239,3.189419735927728,44583.6,2011,10,18,1,Tuesday,46927.55,44583.6,35606.88675168816,48555.30423628434,51817.204188893906
2011-10-19,18992,105,87,1196,9.005421792618629,35912.64,2011,10,19,2,Wednesday,44583.6,35912.64,34748.43920955398,40950.207977672704,40162.93748111533
2011-10-20,40738,106,89,1155,3.0377541268462207,60639.38,2011,10,20,3,Thursday,35912.64,60639.38,31572.789430359146,51956.69983751864,60138.534069012014
2011-10-21,24715,68,59,809,2.951633237822349,62920.76,2011,10,21,4,Friday,60639.38,62920.76,40628.703241656636,33659.70305595508,27397.389522264737
2011-10-23,6948,45,40,970,2.768187239117472,12119.82,2011,10,23,6,Sunday,62920.76,12119.82,41464.23516583337,24489.130954369044,20573.86142117729
2011-10-24,21659,122,84,1347,5.78855290102389,37990.33,2011,10,24,0,Monday,12119.82,37990.33,22858.91419861751,49599.74596977499,45700.63864259142
2011-10-25,26532,83,69,1131,2.9964356029532406,40685.4,2011,10,25,1,Tuesday,37990.33,40685.4,32333.721990275844,42702.821247361906,46263.18386132777
2011-10-26,20571,102,83,1055,3.83973418394471,37512.12,2011,10,26,2,Wednesday,40685.4,37512.12,33320.76361547243,39980.4880276193,39699.86296299489
2011-10-27,32188,131,113,1150,8.230399201596807,47390.21,2011,10,27,3,Thursday,37512.12,47390.21,32158.582503885787,48047.16206696702,50641.75886149746
2011-10-28,23974,91,67,862,3.5870292106898694,39449.03,2011,10,28,4,Friday,47390.21,39449.03,35776.331210760996,37691.314215858714,36551.21813774835
2011-10-30,19937,97,88,1214,2.6093627450980392,34372.0,2011,10,30,6,Sunday,39449.03,34372.0,32867.9558389975,39065.922797106454,36871.61339363651
2011-10-31,21480,79,64,1605,8.09905861456483,48433.75,2011,10,31,0,Monday,34372.0,48433.75,31008.54590071321,48453.54252404095,50327.69301119465
2011-11-01,16445,93,88,903,2.955675213675214,28678.3,2011,11,1,1,Tuesday,48433.75,28678.3,36158.516986105475,32653.333425918576,34218.354290048184
2011-11-02,28039,101,87,1248,3.570123504438441,45040.8,2011,11,2,2,Wednesday,28678.3,45040.8,28923.286927335215,45904.94815731897,51418.173861233496
2011-11-03,34161,115,95,1215,3.265202360876897,62683.48,2011,11,3,3,Thursday,45040.8,62683.48,34915.883999871076,51931.02568622987,55659.45890742316
2011-11-04,34069,132,105,1284,2.9281032125768967,59701.94,2011,11,4,4,Friday,62683.48,59701.94,41377.333810088756,57391.540700758516,57448.413605056725
2011-11-06,23075,104,88,1315,2.7618723911747165,42479.65,2011,11,6,6,Sunday,59701.94,42479.65,40285.37549836081,46759.7676884511,43973.72891499573
2011-11-07,30594,109,90,1059,10.943476997578692,69824.57,2011,11,7,0,Monday,42479.65,69824.57,33977.88919514531,44874.96397965679,47004.58387706614
2011-11-08,25967,142,122,1487,4.163131237524951,56504.45,2011,11,8,1,Tuesday,69824.57,56504.45,43992.68446119434,58417.008401759274,64634.1944289176
2011-11-09,36163,125,102,1248,3.236750186985789,62351.83,2011,11,9,2,Wednesday,56504.45,62351.83,39114.32772366484,56608.37806581422,57891.009693841705
2011-11-10,37904,165,139,1318,4.129000620732464,68815.98,2011,11,10,3,Thursday,62351.83,68815.98,41255.87041396307,62520.755955828005,62175.795270750954
2011-11-11,28654,115,91,1535,3.4771354166666666,54686.21,2011,11,11,4,Friday,68815.98,54686.21,43623.29876332488,58329.94991743809,61059.9897459743
2011-11-13,20226,93,75,1263,3.041586392724823,33341.65,2011,11,13,6,Sunday,54686.21,33341.65,38448.416053616405,43151.10530790103,39742.601806067374
2011-11-14,47043,138,109,1427,4.286233729485002,111958.62,2011,11,14,0,Monday,33341.65,111958.62,30631.19082699664,66663.00041125935,82763.6824730736
2011-11-15,30251,118,98,1460,3.87407976366322,60400.74,2011,11,15,1,Tuesday,111958.62,60400.74,59423.8462447897,62392.028851241135,75687.75818500001
2011-11-16,31813,143,119,1526,4.048791342412452,64123.06,2011,11,16,2,Wednesday,60400.74,64123.06,40541.303799921574,61876.96007067904,66203.13821928273
2011-11-17,31271,155,131,1439,3.313811671835354,60127.91,2011,11,17,3,Thursday,64123.06,60127.91,41904.56515576827,60817.65743869361,62806.816160173425
2011-11-18,23604,152,129,1269,4.174561648620329,47886.8,2011,11,18,4,Friday,60127.91,47886.8,40441.382622882615,51676.70719274071,50404.04709935342
2011-11-20,19060,105,91,1288,3.155924097500772,34352.65,2011,11,20,6,Sunday,47886.8,34352.65,35958.202182816036,42498.599512374785,38448.50860832663
2011-11-21,24783,116,96,1269,3.24343652173913,48171.38,2011,11,21,0,Monday,34352.65,48171.38,31001.45916254034,48527.398134257295,49639.59904343617
2011-11-22,34755,155,129,1512,3.3284096757591355,62080.98,2011,11,22,1,Tuesday,48171.38,62080.98,36062.42667631656,63950.269800250564,69081.11743225012
2011-11-23,39043,149,114,1420,4.61843661971831,78223.52,2011,11,23,2,Wednesday,62080.98,78223.52,41156.67439152785,66108.94367095247,71259.03695401023
2011-11-24,24883,123,104,1521,3.6304161037557416,47860.86,2011,11,24,3,Thursday,78223.52,47860.86,47068.713379903274,56968.963021642514,62127.23540246798
2011-11-25,18752,87,70,1384,4.697491835401698,50310.39,2011,11,25,4,Friday,47860.86,50310.39,35948.70192502771,43995.86140524605,42265.00983630341
2011-11-27,10930,59,51,1124,2.5748105436573314,20239.79,2011,11,27,6,Sunday,50310.39,20239.79,36845.817054567124,30430.867451066715,24671.196063085354
2011-11-28,28515,126,102,1446,4.195902290076336,55242.56,2011,11,28,0,Monday,20239.79,55242.56,25832.769566139523,54143.18353110249,57996.6826440658
2011-11-29,30629,146,116,1558,4.4005811481219,72008.09,2011,11,29,1,Tuesday,55242.56,72008.09,38652.173510075096,63203.96270198829,68485.91038948856
2011-11-30,28153,144,122,1394,4.593880597014926,59049.59,2011,11,30,2,Wednesday,72008.09,59049.59,44792.376168441,57797.42493188153,61625.840512267794
2011-12-01,26774,168,149,1273,3.568746527777778,51282.33,2011,12,1,3,Thursday,59049.59,51282.33,40046.45903081191,54469.88517021145,53959.55330096459
2011-12-02,28364,130,100,1329,3.637635398230088,56898.47,2011,12,2,4,Friday,51282.33,56898.47,37201.7800674735,54545.21542722208,56499.754363219
2011-12-04,12280,70,58,1041,2.770035353535353,24421.82,2011,12,4,6,Sunday,56898.47,24421.82,39258.6334898082,31694.934499236606,26302.227651134654
2011-12-05,44372,143,114,1771,10.80971044663134,57630.2,2011,12,5,0,Monday,24421.82,57630.2,27364.39497394744,70115.70064840594,93724.46256073739
2011-12-06,29282,146,128,1438,3.090625377643504,54109.39,2011,12,6,1,Tuesday,57630.2,54109.39,39526.6220646523,58273.847868226585,61329.56677622108
2011-12-07,41681,119,101,1116,3.757741935483871,74952.61,2011,12,7,2,Wednesday,54109.39,74952.61,38237.161670522124,54966.93463949236,51901.98825275775
2011-12-08,34371,140,120,1672,4.432964701081412,81294.33,2011,12,8,3,Thursday,74952.61,81294.33,45870.776286517284,66174.36580858543,71708.83246240756
2011-12-09,12920,49,38,1084,5.678862238622386,32129.90999999999,2011,12,9,4,Friday,81294.33,32129.90999999999,48193.36590954813,33475.23618663981,34939.279636382045
